{"cameraMode":{"drawMode":0,"name":"Shaded","section":"Shading Mode"},"sceneLighting":false,"audioPlay":false,"sceneViewState":{"showFog":true,"showMaterialUpdate":false,"showSkybox":false,"showFlares":true,"showImageEffects":true,"showParticleSystems":true},"in2DMode":false,"pivot":{"x":5.880254745483398,"y":2.301593780517578,"z":-0.10593878477811814},"rotation":{"x":-0.19177936017513276,"y":0.755435049533844,"z":-0.2527061998844147,"w":-0.5733317136764526},"size":1.4180941581726075,"orthographic":false}