{"cameraMode":{"drawMode":0,"name":"Shaded","section":"Shading Mode"},"sceneLighting":false,"audioPlay":false,"sceneViewState":{"showFog":true,"showMaterialUpdate":false,"showSkybox":false,"showFlares":true,"showImageEffects":true,"showParticleSystems":true},"in2DMode":false,"pivot":{"x":5.6019368171691898,"y":4.726908206939697,"z":6.228087902069092},"rotation":{"x":-0.2174844592809677,"y":0.6634885668754578,"z":-0.21093757450580598,"w":-0.6841112971305847},"size":3.024744749069214,"orthographic":false}